{
    "loss": 20.777984619140625,
    "accuracy": 0.7250300049781799
}